<?xml version="1.0" encoding="UTF-8"?>
<project-private xmlns="http://www.netbeans.org/ns/project-private/1">
    <editor-bookmarks xmlns="http://www.netbeans.org/ns/editor-bookmarks/2" lastBookmarkId="0"/>
    <open-files xmlns="http://www.netbeans.org/ns/projectui-open-files/2">
        <group>
            <file>file:/C:/Users/Ralty/Documents/Coding%20Files/Java/Personal/Array/EmployeeManager/src/employeemanager/Employee.java</file>
            <file>file:/C:/Users/Ralty/Documents/Coding%20Files/Java/Personal/Array/EmployeeManager/src/GUI/Login.java</file>
            <file>file:/C:/Users/Ralty/Documents/Coding%20Files/Java/Personal/Array/EmployeeManager/src/GUI/AdminTaskAssignment.java</file>
            <file>file:/C:/Users/Ralty/Documents/Coding%20Files/Java/Personal/Array/EmployeeManager/src/GUI/AdminViewEmployeeInfo.java</file>
            <file>file:/C:/Users/Ralty/Documents/Coding%20Files/Java/Personal/Array/EmployeeManager/src/employeemanager/ComboBoxFill.java</file>
            <file>file:/C:/Users/Ralty/Documents/Coding%20Files/Java/Personal/Array/EmployeeManager/src/employeemanager/TaskSaving.java</file>
            <file>file:/C:/Users/Ralty/Documents/Coding%20Files/Java/Personal/Array/EmployeeManager/src/employeemanager/UsernameLedger.java</file>
            <file>file:/C:/Users/Ralty/Documents/Coding%20Files/Java/Personal/Array/EmployeeManager/src/GUI/SplashScreen.java</file>
            <file>file:/C:/Users/Ralty/Documents/Coding%20Files/Java/Personal/Array/EmployeeManager/src/employeemanager/Admin.java</file>
            <file>file:/C:/Users/Ralty/Documents/Coding%20Files/Java/Personal/Array/EmployeeManager/src/employeemanager/InfoSaving.java</file>
            <file>file:/C:/Users/Ralty/Documents/Coding%20Files/Java/Personal/Array/EmployeeManager/src/GUI/EmployeePayCalculator.java</file>
            <file>file:/C:/Users/Ralty/Documents/Coding%20Files/Java/Personal/Array/EmployeeManager/src/GUI/EmployeeHomePage.java</file>
            <file>file:/C:/Users/Ralty/Documents/Coding%20Files/Java/Personal/Array/EmployeeManager/src/GUI/EmployeeTaskView.java</file>
            <file>file:/C:/Users/Ralty/Documents/Coding%20Files/Java/Personal/Array/EmployeeManager/src/employeemanager/FileInfoReader.java</file>
            <file>file:/C:/Users/Ralty/Documents/Coding%20Files/Java/Personal/Array/EmployeeManager/src/employeemanager/MyKeyListener.java</file>
            <file>file:/C:/Users/Ralty/Documents/Coding%20Files/Java/Personal/Array/EmployeeManager/src/employeemanager/EmployeeSaving.java</file>
            <file>file:/C:/Users/Ralty/Documents/Coding%20Files/Java/Personal/Array/EmployeeManager/src/employeemanager/TaskActions.java</file>
            <file>file:/C:/Users/Ralty/Documents/Coding%20Files/Java/Personal/Array/EmployeeManager/src/GUI/AdminHomePage.java</file>
            <file>file:/C:/Users/Ralty/Documents/Coding%20Files/Java/Personal/Array/EmployeeManager/src/employeemanager/EmployeeManager.java</file>
            <file>file:/C:/Users/Ralty/Documents/Coding%20Files/Java/Personal/Array/EmployeeManager/src/employeemanager/User.java</file>
            <file>file:/C:/Users/Ralty/Documents/Coding%20Files/Java/Personal/Array/EmployeeManager/src/employeemanager/UserNotFoundException.java</file>
            <file>file:/C:/Users/Ralty/Documents/Coding%20Files/Java/Personal/Array/EmployeeManager/src/GUI/AdminAddEmployee.java</file>
            <file>file:/C:/Users/Ralty/Documents/Coding%20Files/Java/Personal/Array/EmployeeManager/src/GUI/AdminEmployeeRemoval.java</file>
            <file>file:/C:/Users/Ralty/Documents/Coding%20Files/Java/Personal/Array/EmployeeManager/src/employeemanager/TaskViewing.java</file>
        </group>
    </open-files>
</project-private>
